362, 617, 752, 385, 476, 481, 458, 628, 542
219, 669, 657, 360, 603, 749
216, 657, 805, 104, 686, 644, 233
671, 537, 116, 478, 475
178, 474, 617, 373, 440, 591, 422, 638, 459, 213, 380, 510
145, 521, 527, 448, 620, 781, 109, 663
451, 427, 657, 706
245, 615
132, 452, 706, 368, 520, 584
155, 531, 746, 453, 612, 597, 162, 469
562, 302, 664, 716, 367, 449, 559
207, 563, 783, 326
602, 672, 316, 602, 457
349, 654, 780, 469, 629, 614, 174, 597, 708
369, 514, 690, 285, 655, 515
118, 451, 723, 314, 523, 554, 140, 605, 748, 435, 375
361, 635, 810, 108, 593, 638, 147, 452, 561
118, 501, 836, 468, 479, 841, 337, 686, 740
238, 426, 497, 225, 440, 748
163, 584, 476
199, 441, 715, 120, 496, 538
400, 575, 633
305, 515, 681, 317, 431, 553
397, 627, 847, 217, 590, 653
374, 449, 494, 192
377, 477, 415, 696, 811
240, 679, 601
185, 644
155, 596, 612, 491, 531, 726, 318, 462, 804
408, 643, 594, 158, 503, 488
111, 562, 633
424, 698, 734, 109, 596, 788, 404
441, 561, 777, 596, 548
211
412, 586, 846, 185, 519, 779
372, 481, 517, 404, 434, 807, 242, 489
197, 415, 644, 317, 463, 799
455, 486, 811, 225, 678, 513, 449, 599, 826, 126, 553, 521
290, 628, 708, 413, 563, 766
163, 664, 573, 203, 531, 652
177, 544, 720
219, 537, 776, 283, 435, 686, 406
518, 651, 195, 615, 674
487, 554, 560, 360, 428, 843, 333, 548, 836
184, 484, 776, 105, 571, 545
320, 640, 681, 321, 596, 663
319, 453, 662
189, 496, 833, 156, 677, 677
